{
    "text": " Lo que hemos estado haciendo es que los proyectos estrat\u00e9gicos del desarrollo nacional est\u00e1n siendo apoyados por las agencias de las Naciones Unidas y los organismos multilaterales. En el mundo hoy en d\u00eda es dif\u00edcil que un solo pa\u00eds pueda resolver solo problemas como el cambio clim\u00e1tico o por ejemplo la lucha contra las redes transnacionales de crimen organizado.",
    "segments": [
        {
            "id": 0,
            "seek": 12000,
            "start": 120.0,
            "end": 135.36,
            "text": " Lo que hemos estado haciendo es que los proyectos estrat\u00e9gicos del desarrollo nacional est\u00e1n",
            "tokens": [
                50364,
                6130,
                631,
                15396,
                18372,
                20509,
                785,
                631,
                1750,
                23832,
                329,
                46603,
                9940,
                1103,
                38295,
                29836,
                10368,
                51132
            ],
            "temperature": 0.0,
            "avg_logprob": -0.14145183563232422,
            "compression_ratio": 1.5608695652173914,
            "no_speech_prob": 0.05962992087006569
        },
        {
            "id": 1,
            "seek": 12000,
            "start": 135.36,
            "end": 140.56,
            "text": " siendo apoyados por las agencias de las Naciones Unidas y los organismos multilaterales.",
            "tokens": [
                51132,
                31423,
                41535,
                4181,
                1515,
                2439,
                623,
                37246,
                368,
                2439,
                426,
                9188,
                1156,
                11382,
                288,
                1750,
                24128,
                329,
                2120,
                388,
                771,
                4229,
                13,
                51392
            ],
            "temperature": 0.0,
            "avg_logprob": -0.14145183563232422,
            "compression_ratio": 1.5608695652173914,
            "no_speech_prob": 0.05962992087006569
        },
        {
            "id": 2,
            "seek": 12000,
            "start": 140.56,
            "end": 144.92000000000002,
            "text": " En el mundo hoy en d\u00eda es dif\u00edcil que un solo pa\u00eds pueda resolver solo problemas como",
            "tokens": [
                51392,
                2193,
                806,
                7968,
                13775,
                465,
                12271,
                785,
                17258,
                631,
                517,
                6944,
                10572,
                31907,
                34480,
                6944,
                20720,
                2617,
                51610
            ],
            "temperature": 0.0,
            "avg_logprob": -0.14145183563232422,
            "compression_ratio": 1.5608695652173914,
            "no_speech_prob": 0.05962992087006569
        },
        {
            "id": 3,
            "seek": 12000,
            "start": 144.92000000000002,
            "end": 149.48,
            "text": " el cambio clim\u00e1tico o por ejemplo la lucha contra las redes transnacionales de crimen",
            "tokens": [
                51610,
                806,
                28731,
                5644,
                28234,
                277,
                1515,
                13358,
                635,
                287,
                26042,
                10742,
                2439,
                16762,
                1145,
                77,
                13608,
                279,
                368,
                7857,
                268,
                51838
            ],
            "temperature": 0.0,
            "avg_logprob": -0.14145183563232422,
            "compression_ratio": 1.5608695652173914,
            "no_speech_prob": 0.05962992087006569
        },
        {
            "id": 4,
            "seek": 14948,
            "start": 149.48,
            "end": 150.11999999999998,
            "text": " organizado.",
            "tokens": [
                50364,
                4645,
                1573,
                13,
                50396
            ],
            "temperature": 0.0,
            "avg_logprob": -0.6336076656977335,
            "compression_ratio": 0.5789473684210527,
            "no_speech_prob": 0.9836803674697876
        }
    ],
    "language": "es"
}